https://cammyeu.blob.core.windows.net/2017-06-07/8dc47f87fba3088be415e94a1b40edf93c4b4a57G.jpg,2017-02-15T20:15:53
https://cammyeu.blob.core.windows.net/2017-06-07/735ef5b3204a7afdbc744708d333a5b99a2e965dG.jpg,2017-02-15T18:58:20
https://cammyeu.blob.core.windows.net/2017-06-07/863d944e8fbda7b94ffe2261b2e655ca506dd32eG.jpg,2017-02-15T02:17:41
https://cammyeu.blob.core.windows.net/2017-06-07/db7954f8fd187a5d33310f7c5ba3a48000a6dcdeG.jpg,2017-02-15T01:33:48
https://cammyeu.blob.core.windows.net/2017-06-07/4d53464ffa45ddf2c3ec3e9ca70ead5a2cbfce7aG.jpg,2017-02-15T17:18:53
https://cammyeu.blob.core.windows.net/2017-06-07/6a939605348ae18e2aa6f6a8ae9e4e5b64444577G.jpg,2017-02-15T13:00:08
https://cammyeu.blob.core.windows.net/2017-06-07/a5a7279923e3314df36dad74a7a93a5b9c573c40G.jpg,2017-02-15T12:06:50
https://cammyeu.blob.core.windows.net/2017-06-07/0555e9604b632a15a49653af522668fa1efcdcdeG.jpg,2017-02-15T03:17:40
https://cammyeu.blob.core.windows.net/2017-06-07/f4522b35601266a46e5b0cc1cccbad54ff762f4bG.jpg,2017-02-15T05:41:32
https://cammyeu.blob.core.windows.net/2017-06-07/04e63fbe80fcf78527c0d2187dcca23b4562e9bcG.jpg,2017-02-15T16:51:36
https://cammyeu.blob.core.windows.net/2017-06-07/65e36783da78c411d0fa7e9f19156fabfe285a18G.jpg,2017-02-15T13:44:51
https://cammyeu.blob.core.windows.net/2017-06-07/ef88e49d571ba8377a1fd9f111e919589da13602G.jpg,2017-02-15T19:59:36
https://cammyeu.blob.core.windows.net/2017-06-07/aad77b9d7a21ef5c92ced4ab3166f510d0c23959G.jpg,2017-02-15T18:18:08
https://cammyeu.blob.core.windows.net/2017-06-07/892d3a6dc500432262498e3b11cde025be3b21f4G.jpg,2017-02-15T02:23:57
https://cammyeu.blob.core.windows.net/2017-06-07/ad350234208cfb7cc3c433edc17c03dd9496f4c4G.jpg,2017-02-15T03:58:32
https://cammyeu.blob.core.windows.net/2017-06-07/85b874d4f5983378954720a07a864cf1bf06a801G.jpg,2017-02-15T18:07:56
https://cammyeu.blob.core.windows.net/2017-06-07/26d5de7e828e25bba353e32c077fdd35c20bf4d8G.jpg,2017-02-15T21:09:57
https://cammyeu.blob.core.windows.net/2017-06-07/93b3f3735c1246d3c337ac80fa9498a36a42d0deG.jpg,2017-02-15T03:49:11
https://cammyeu.blob.core.windows.net/2017-06-07/6dda49a9feb440830d51d20d04da2b6a1cca9c3bG.jpg,2017-02-15T20:09:00
https://cammyeu.blob.core.windows.net/2017-06-07/041a52836ec148a26332543d68c74ff6d4e957f9G.jpg,2017-02-15T23:49:30
https://cammyeu.blob.core.windows.net/2017-06-07/8c055a7e1cf46a3e8881a704811c5d3231241c7cG.jpg,2017-02-15T03:49:50
https://cammyeu.blob.core.windows.net/2017-06-07/1e871cadf206aff6bdc5a835fdaf7f2c182bee90G.jpg,2017-02-15T10:46:05
https://cammyeu.blob.core.windows.net/2017-06-07/33cdc96ddca5a72ee83a63d2334c57611da5234fG.jpg,2017-02-15T23:16:26
https://cammyeu.blob.core.windows.net/2017-06-07/f93b17f6739bbece0338ee47d435bcc295e20bf5G.jpg,2017-02-15T13:25:16
https://cammyeu.blob.core.windows.net/2017-06-07/16f9a4479319272099bb2cbf6cb6b757537cdf1cG.jpg,2017-02-15T00:54:20
https://cammyeu.blob.core.windows.net/2017-06-07/e18f7a151be2df1a8ed7134ae8da504c0387a8a5G.jpg,2017-02-15T20:41:49
https://cammyeu.blob.core.windows.net/2017-06-07/f7e5f9b53669f48d88a76c85a3f8f51bd0229160G.jpg,2017-02-15T18:17:34
https://cammyeu.blob.core.windows.net/2017-06-07/d03c64a264555cc6e8ca25306cc1bb3f3f26e744G.jpg,2017-02-15T18:03:09
https://cammyeu.blob.core.windows.net/2017-06-07/9273f6ddbbfee2d2451073f053dc42fb919bf414G.jpg,2017-02-16T22:26:11
https://cammyeu.blob.core.windows.net/2017-06-07/6f368209ec9e5306db1c7208fba66436cbf018f9G.jpg,2017-02-16T15:44:30
https://cammyeu.blob.core.windows.net/2017-06-07/a527cbe413532f3912abcbd0e97e101f567c11deG.jpg,2017-02-16T18:15:59
https://cammyeu.blob.core.windows.net/2017-06-07/5f2c8a2bf31ac394ed293874d91baadf8fbd0671G.jpg,2017-02-16T21:26:22
https://cammyeu.blob.core.windows.net/2017-06-07/3afa361767c341cbe824d8554b1cabdce2cb3b7eG.jpg,2017-02-16T20:51:36
https://cammyeu.blob.core.windows.net/2017-06-07/49a85c893260626164db5780297539f21e3049fcG.jpg,2017-02-16T16:08:53
https://cammyeu.blob.core.windows.net/2017-06-07/ff53009b06f03bfd4d9605c85a42eaf7c97139b2G.jpg,2017-02-16T01:23:16
https://cammyeu.blob.core.windows.net/2017-06-07/bf6f5cb1c134fc9e00617bd89478a56ec1b6e806G.jpg,2017-02-16T21:08:01
https://cammyeu.blob.core.windows.net/2017-06-07/387c21ed5febfb1b0386eb0858314619dbc1599aG.jpg,2017-02-16T17:55:03
https://cammyeu.blob.core.windows.net/2017-06-07/8be65853b42934abe4f67bee857dcb3b0c7f29d5G.jpg,2017-02-16T09:13:08
https://cammyeu.blob.core.windows.net/2017-06-07/8a7d79eb25f9ebeba28a826a2a4e94bb34e0e2b1G.jpg,2017-02-16T03:51:52
https://cammyeu.blob.core.windows.net/2017-06-07/8b7de7cd5ce6de3155436108df81446bcb66b6c9G.jpg,2017-02-16T20:35:21
https://cammyeu.blob.core.windows.net/2017-06-07/defdef1e390b6635cd1dea547e1aa200a9606a8fG.jpg,2017-02-16T17:24:29
https://cammyeu.blob.core.windows.net/2017-06-07/f2f43af1acc044c596a5eea332f662e92d4c35d4G.jpg,2017-02-16T21:15:14
https://cammyeu.blob.core.windows.net/2017-06-07/dc6c5610cf2de7a3fc0686d29d924db52bcb55eaG.jpg,2017-02-16T04:03:43
https://cammyeu.blob.core.windows.net/2017-06-07/77091ec308bee0a46df73babac5f321d3739efebG.jpg,2017-02-16T00:10:31
https://cammyeu.blob.core.windows.net/2017-06-07/866a15b1686036f526d82697ea09dcc7576f8a26G.jpg,2017-02-16T03:29:06
https://cammyeu.blob.core.windows.net/2017-06-07/124ab5a881a1928be446adc9c378b7794e83a581G.jpg,2017-02-16T22:11:55
https://cammyeu.blob.core.windows.net/2017-06-07/06d8a9904c315c0619beece15f3f7ba2e7a4b732G.jpg,2017-02-16T16:54:00
https://cammyeu.blob.core.windows.net/2017-06-07/1ea3345844ae690984c953b70946a359d8d20db6G.jpg,2017-02-16T01:50:08
https://cammyeu.blob.core.windows.net/2017-06-07/f0e878e81ba6ec9c78c214c467222149482acbe1G.jpg,2017-02-16T19:59:47
https://cammyeu.blob.core.windows.net/2017-06-07/dc02faad59d7ed926c19c0260d754a2c4c96e3eaG.jpg,2017-02-16T03:39:18
https://cammyeu.blob.core.windows.net/2017-06-07/269cb7f4c236d11eee4d0dc66f37cee1959fbcf9G.jpg,2017-02-16T05:36:37
https://cammyeu.blob.core.windows.net/2017-06-07/e03ba6c57ed389e8ea122c9dd57ae9c7d49b9c88G.jpg,2017-02-16T17:06:37
https://cammyeu.blob.core.windows.net/2017-06-07/4f3d6a2f4451091319f6c5c012e394a939857bdfG.jpg,2017-02-16T22:38:06
https://cammyeu.blob.core.windows.net/2017-06-07/7359cc7b474ccda39f058abf3815b1bec5d4869eG.jpg,2017-02-16T00:16:01
https://cammyeu.blob.core.windows.net/2017-06-07/3ea805db7e3a7d440978a700636827f308fb058bG.jpg,2017-02-16T03:48:03
https://cammyeu.blob.core.windows.net/2017-06-07/11b7c0c8078ef0df5f8ccb93b27f4822af97b266G.jpg,2017-02-16T06:13:44
https://cammyeu.blob.core.windows.net/2017-06-07/707279649e70b40553629fdfe1257cf70006a4eaG.jpg,2017-02-16T17:00:24
https://cammyeu.blob.core.windows.net/2017-06-07/328b525b48a229c741729a165592a4b367bf7528G.jpg,2017-02-16T17:43:22
https://cammyeu.blob.core.windows.net/2017-06-07/cbdb294f2c261d8d9817ce1c605b6fb78916f7e4G.jpg,2017-02-16T08:50:44
https://cammyeu.blob.core.windows.net/2017-06-07/4e3e229a2c331e3f6b35ed511e6e75dd0c9330d1G.jpg,2017-02-16T05:47:28
https://cammyeu.blob.core.windows.net/2017-06-07/5e8728866797d738905a335c347a3367099072d1G.jpg,2017-02-16T15:17:14
https://cammyeu.blob.core.windows.net/2017-06-07/13e8a19684e79b4eeb088ac0a6629252d6b95cdbG.jpg,2017-02-16T11:03:50
https://cammyeu.blob.core.windows.net/2017-06-07/a364fc61a9bb409d2bf95b41522868c3c77f152dG.jpg,2017-02-16T04:10:33
https://cammyeu.blob.core.windows.net/2017-06-07/121859df0881c11648d8a9e1a97bd29e44bdd205G.jpg,2017-02-16T19:04:03
